Time_s,Frequency_Hz,RoCoF_Hz_s,Total_Load_pu,Action_Shed_Pct
1,50.0,0.0,1.1,0.0
2,50.0,0.0,1.1,0.0
3,50.0,0.0,1.1,0.0
4,50.0,0.0,1.1,0.0
5,50.0,0.0,1.1141,0.0
6,50.0,0.0,1.1141,0.0
7,50.0,0.0,1.1141,0.0
8,50.0,0.0,1.1141,0.0
9,50.0,0.0,1.1141,0.0
1,50.0,0.0,1.1,0.0
2,50.0,0.0,1.1,0.0
3,50.0,0.0,1.1,0.0
4,50.0,0.0,1.1,0.0
5,49.9551,-0.0449,1.1125,0.0
6,50.0642,0.109,1.1125,0.0
7,49.9379,-0.1263,1.1125,0.0
8,50.0478,0.11,1.1125,0.0
9,49.972,-0.0758,1.1125,0.0
1,50.0,0.0,1.1,0.0
2,50.0,0.0,1.1,0.0
3,50.0,0.0,1.1,0.0
4,50.0,0.0,1.1,0.0
5,50.0,0.0,1.1175,0.0
6,49.9442,-0.0558,1.1175,0.0
7,50.0614,0.1172,1.1175,0.0
8,49.9694,-0.092,1.1175,0.0
9,49.9944,0.0249,1.1175,0.0
10,50.0264,0.032,1.1303,0.0
11,49.9356,-0.0908,1.1303,0.0
12,50.0522,0.1166,1.1303,0.0
13,49.9871,-0.0651,1.1303,0.0
14,49.9809,-0.0062,1.1303,0.0
15,50.0294,0.0485,1.1424,0.0
16,49.9446,-0.0849,1.1424,0.0
17,50.0394,0.0948,1.1424,0.0
18,49.9964,-0.0429,1.1424,0.0
19,49.9795,-0.017,1.1424,0.0
20,50.0246,0.0451,1.161,0.0
21,49.9322,-0.0924,1.161,0.0
22,50.0526,0.1204,1.161,0.0
23,49.9936,-0.059,1.161,0.0
24,49.974,-0.0196,1.161,0.0
25,50.0314,0.0574,1.1777,0.0
26,49.9375,-0.094,1.1777,0.0
27,50.0411,0.1036,1.1777,0.0
28,50.0036,-0.0374,1.1777,0.0
29,49.9721,-0.0316,1.1777,0.0
30,50.0262,0.0541,1.197,0.0
31,49.938,-0.0881,1.197,0.0
32,50.0416,0.1036,1.197,0.0
33,50.005,-0.0367,1.197,0.0
34,49.971,-0.0339,1.197,0.0
35,50.0255,0.0545,1.2109,0.0
36,49.9575,-0.068,1.2109,0.0
37,50.0234,0.0659,1.2109,0.0
38,50.0098,-0.0136,1.2109,0.0
39,49.979,-0.0308,1.2109,0.0
40,50.0148,0.0358,1.2294,0.0
41,49.9496,-0.0652,1.2294,0.0
42,50.0357,0.0861,1.2294,0.0
43,50.006,-0.0297,1.2294,0.0
44,49.9749,-0.0311,1.2294,0.0
45,50.0202,0.0453,1.2522,0.0
46,49.9374,-0.0828,1.2522,0.0
47,50.0399,0.1026,1.2522,0.0
48,50.0128,-0.0272,1.2522,0.0
49,49.9675,-0.0453,1.2522,0.0
50,50.0209,0.0534,1.2729,0.0
51,49.9498,-0.0711,1.2729,0.0
52,50.0279,0.0781,1.2729,0.0
53,50.0157,-0.0123,1.2729,0.0
54,49.9739,-0.0417,1.2729,0.0
55,50.0131,0.0392,1.2983,0.0
56,49.9408,-0.0724,1.2983,0.0
57,50.0373,0.0965,1.2983,0.0
58,50.0168,-0.0205,1.2983,0.0
59,49.9682,-0.0486,1.2983,0.0
60,50.0156,0.0474,1.315,0.0
1,50.0,0.0,1.1,0.0
2,50.0,0.0,1.1,0.0
3,50.0,0.0,1.1,0.0
4,50.0,0.0,1.1,0.0
5,49.9372,-0.0628,1.1176,0.0
6,50.0898,0.1526,1.1176,0.0
7,49.913,-0.1768,1.1176,0.0
8,50.067,0.154,1.1176,0.0
9,49.9608,-0.1062,1.1176,0.0
10,49.948,-0.0128,1.136,0.0
11,50.1001,0.1521,1.136,0.0
12,49.8922,-0.2078,1.136,0.0
13,50.0906,0.1984,1.136,0.0
14,49.9411,-0.1495,1.136,0.0
15,49.9794,0.0383,1.1493,0.0
16,50.0683,0.0889,1.1493,0.0
17,49.9177,-0.1507,1.1493,0.0
18,50.0751,0.1574,1.1493,0.0
19,49.9474,-0.1277,1.1493,0.0
20,49.9535,0.0061,1.1703,0.0
21,50.1018,0.1483,1.1703,0.0
22,49.8873,-0.2145,1.1703,0.0
23,50.0976,0.2103,1.1703,0.0
24,49.9354,-0.1622,1.1703,0.0
25,49.9769,0.0415,1.1856,0.0
26,50.0767,0.0998,1.1856,0.0
27,49.9085,-0.1681,1.1856,0.0
28,50.0838,0.1753,1.1856,0.0
29,49.9418,-0.142,1.1856,0.0
30,49.9775,0.0357,1.2008,0.0
31,50.072,0.0945,1.2008,0.0
32,49.9151,-0.1569,1.2008,0.0
33,50.0778,0.1627,1.2008,0.0
34,49.9465,-0.1313,1.2008,0.0
35,49.9792,0.0327,1.2148,0.0
36,50.067,0.0878,1.2148,0.0
37,49.9215,-0.1455,1.2148,0.0
38,50.0722,0.1507,1.2148,0.0
39,49.9507,-0.1215,1.2148,0.0
40,49.9755,0.0248,1.2293,0.0
41,50.0699,0.0944,1.2293,0.0
42,49.92,-0.1499,1.2293,0.0
43,50.0728,0.1528,1.2293,0.0
44,49.9512,-0.1216,1.2293,0.0
45,49.9713,0.0201,1.2447,0.0
46,50.076,0.1048,1.2447,0.0
47,49.9144,-0.1616,1.2447,0.0
48,50.0773,0.1628,1.2447,0.0
49,49.9488,-0.1285,1.2447,0.0
50,49.9532,0.0044,1.2654,0.0
51,50.1038,0.1506,1.2654,0.0
52,49.8871,-0.2167,1.2654,0.0
53,50.099,0.2119,1.2654,0.0
54,49.9359,-0.1631,1.2654,0.0
55,49.95,0.0141,1.2884,0.0
56,50.1171,0.1671,1.2884,0.0
57,49.8707,-0.2464,1.2884,0.0
58,50.1143,0.2435,1.2884,0.0
59,49.9251,-0.1892,1.2884,0.0
60,49.9605,0.0353,1.3101,0.0
1,50.0,0.0,1.1,0.0
2,50.0,0.0,1.1,0.0
3,50.0,0.0,1.1,0.0
4,50.0,0.0,1.1,0.0
5,45.4072,-4.5928,0.8093,0.3
6,44.5089,-0.8983,0.8093,0.0
7,44.8577,0.3488,0.8093,0.0
8,45.9817,1.124,0.8093,0.0
9,47.5604,1.5787,0.8093,0.0
10,49.3227,1.7623,0.8246,0.0
11,51.2032,1.8805,0.8246,0.0
12,51.6019,0.3986,0.8246,0.0
13,51.0549,-0.5469,0.8246,0.0
14,49.9287,-1.1262,0.8246,0.0
15,49.9217,-0.0071,0.8384,0.0
16,50.6695,0.7479,0.8384,0.0
17,50.3706,-0.2989,0.8384,0.0
18,49.5877,-0.7829,0.8384,0.0
19,49.8568,0.2691,0.8384,0.0
20,50.7295,0.8728,0.8525,0.0
21,50.5075,-0.222,0.8525,0.0
22,49.6024,-0.9051,0.8525,0.0
23,49.7941,0.1917,0.8525,0.0
24,50.671,0.877,0.8525,0.0
25,50.4193,-0.2517,0.8619,0.0
26,49.4982,-0.9211,0.8619,0.0
27,49.6829,0.1847,0.8619,0.0
28,50.5588,0.8759,0.8619,0.0
29,50.3439,-0.215,0.8619,0.0
30,49.6228,-0.7211,0.8714,0.0
31,49.9298,0.307,0.8714,0.0
32,50.8401,0.9103,0.8714,0.0
33,50.6384,-0.2017,0.8714,0.0
34,49.7422,-0.8962,0.8714,0.0
35,49.9008,0.1587,0.8809,0.0
36,50.7538,0.8529,0.8809,0.0
37,50.5185,-0.2353,0.8809,0.0
38,49.6048,-0.9138,0.8809,0.0
39,49.7909,0.1862,0.8809,0.0
40,50.6045,0.8136,0.8975,0.0
41,50.349,-0.2556,0.8975,0.0
42,49.5525,-0.7965,0.8975,0.0
43,49.8141,0.2616,0.8975,0.0
44,50.7345,0.9204,0.8975,0.0
45,50.4986,-0.2359,0.9095,0.0
46,49.5851,-0.9135,0.9095,0.0
47,49.772,0.1869,0.9095,0.0
48,50.6466,0.8746,0.9095,0.0
49,50.4282,-0.2184,0.9095,0.0
50,49.483,-0.9452,0.9218,0.0
51,49.6531,0.1701,0.9218,0.0
52,50.5206,0.8675,0.9218,0.0
53,50.3016,-0.2191,0.9218,0.0
54,49.642,-0.6595,0.9218,0.0
55,49.9454,0.3034,0.9333,0.0
56,50.7066,0.7612,0.9333,0.0
57,50.4149,-0.2917,0.9333,0.0
58,49.4687,-0.9462,0.9333,0.0
59,49.6386,0.1698,0.9333,0.0
60,50.4701,0.8316,0.9433,0.0
1,50.0,0.0,1.1,0.0
2,50.0,0.0,1.1,0.0
3,50.0,0.0,1.1,0.0
4,50.0,0.0,1.1,0.0
5,49.9334,-0.0666,1.1187,0.0
6,50.0952,0.1618,1.1187,0.0
7,49.9078,-0.1874,1.1187,0.0
8,50.071,0.1632,1.1187,0.0
9,49.9584,-0.1126,1.1187,0.0
10,49.9531,-0.0054,1.1359,0.0
11,50.0943,0.1412,1.1359,0.0
12,49.8971,-0.1972,1.1359,0.0
13,50.0873,0.1902,1.1359,0.0
14,49.9427,-0.1446,1.1359,0.0
15,49.9678,0.0251,1.1525,0.0
16,50.084,0.1162,1.1525,0.0
17,49.903,-0.181,1.1525,0.0
18,50.0861,0.1831,1.1525,0.0
19,49.9412,-0.1449,1.1525,0.0
20,49.9625,0.0214,1.1715,0.0
21,50.093,0.1304,1.1715,0.0
22,49.8941,-0.1988,1.1715,0.0
23,50.0935,0.1994,1.1715,0.0
24,49.9368,-0.1567,1.1715,0.0
25,49.9664,0.0295,1.19,0.0
26,50.0908,0.1245,1.19,0.0
27,49.8952,-0.1956,1.19,0.0
28,50.0938,0.1986,1.19,0.0
29,49.9362,-0.1576,1.19,0.0
30,49.9848,0.0486,1.2036,0.0
31,50.0653,0.0805,1.2036,0.0
32,49.9201,-0.1453,1.2036,0.0
33,50.0751,0.1551,1.2036,0.0
34,49.9473,-0.1278,1.2036,0.0
35,49.9462,-0.0011,1.2271,0.0
36,50.1138,0.1676,1.2271,0.0
37,49.8765,-0.2373,1.2271,0.0
38,50.1069,0.2304,1.2271,0.0
39,49.9306,-0.1762,1.2271,0.0
40,49.96,0.0294,1.2478,0.0
41,50.1054,0.1454,1.2478,0.0
42,49.8802,-0.2252,1.2478,0.0
43,50.1075,0.2273,1.2478,0.0
44,49.9279,-0.1796,1.2478,0.0
45,49.9867,0.0588,1.2622,0.0
46,50.0694,0.0827,1.2622,0.0
47,49.9145,-0.1549,1.2622,0.0
48,50.0819,0.1674,1.2622,0.0
49,49.9427,-0.1392,1.2622,0.0
50,49.9877,0.045,1.275,0.0
51,50.0588,0.0711,1.275,0.0
52,49.9292,-0.1297,1.275,0.0
53,50.068,0.1389,1.275,0.0
54,49.9533,-0.1148,1.275,0.0
55,49.9402,-0.013,1.2994,0.0
56,50.1202,0.18,1.2994,0.0
57,49.8728,-0.2474,1.2994,0.0
58,50.1096,0.2367,1.2994,0.0
59,49.9307,-0.1789,1.2994,0.0
60,49.966,0.0353,1.3184,0.0
1,50.0,0.0,1.1,0.0
2,50.0,0.0,1.1,0.0
3,50.0,0.0,1.1,0.0
4,50.0,0.0,1.1,0.0
5,49.9536,-0.0464,1.113,0.0
6,50.0664,0.1128,1.113,0.0
7,49.9357,-0.1306,1.113,0.0
8,50.0495,0.1138,1.113,0.0
9,49.971,-0.0785,1.113,0.0
10,49.9629,-0.0082,1.1263,0.0
11,50.0721,0.1092,1.1263,0.0
12,49.9222,-0.1499,1.1263,0.0
13,50.0656,0.1434,1.1263,0.0
14,49.9573,-0.1083,1.1263,0.0
15,49.9793,0.0221,1.1376,0.0
16,50.0578,0.0784,1.1376,0.0
17,49.9324,-0.1254,1.1376,0.0
18,50.0606,0.1282,1.1376,0.0
19,49.9583,-0.1023,1.1376,0.0
20,49.9761,0.0178,1.1505,0.0
21,50.0621,0.086,1.1505,0.0
22,49.9286,-0.1335,1.1505,0.0
23,50.0635,0.1349,1.1505,0.0
24,49.9569,-0.1066,1.1505,0.0
25,49.9453,-0.0115,1.172,0.0
26,50.1074,0.1621,1.172,0.0
27,49.8845,-0.2229,1.172,0.0
28,50.0979,0.2134,1.172,0.0
29,49.9366,-0.1613,1.172,0.0
30,49.9644,0.0278,1.1903,0.0
31,50.0936,0.1292,1.1903,0.0
32,49.8924,-0.2012,1.1903,0.0
33,50.096,0.2035,1.1903,0.0
34,49.9349,-0.161,1.1903,0.0
35,49.9902,0.0553,1.2026,0.0
36,50.0585,0.0683,1.2026,0.0
37,49.9263,-0.1322,1.2026,0.0
38,50.0705,0.1443,1.2026,0.0
39,49.9498,-0.1208,1.2026,0.0
40,49.9711,0.0213,1.2189,0.0
41,50.0766,0.1055,1.2189,0.0
42,49.9131,-0.1635,1.2189,0.0
43,50.0781,0.165,1.2189,0.0
44,49.9478,-0.1303,1.2189,0.0
45,49.9552,0.0074,1.2392,0.0
46,50.1009,0.1457,1.2392,0.0
47,49.8892,-0.2117,1.2392,0.0
48,50.0971,0.2079,1.2392,0.0
49,49.9365,-0.1606,1.2392,0.0
50,49.967,0.0305,1.2574,0.0
51,50.0918,0.1248,1.2574,0.0
52,49.8951,-0.1967,1.2574,0.0
53,50.095,0.1999,1.2574,0.0
54,49.9362,-0.1588,1.2574,0.0
55,49.9672,0.0309,1.2762,0.0
56,50.0922,0.125,1.2762,0.0
57,49.8949,-0.1973,1.2762,0.0
58,50.0955,0.2006,1.2762,0.0
59,49.9361,-0.1594,1.2762,0.0
60,49.9678,0.0317,1.2949,0.0
1,50.0,0.0,1.1,0.0
2,50.0,0.0,1.1,0.0
3,50.0,0.0,1.1,0.0
4,50.0,0.0,1.1,0.0
5,45.044,-4.956,0.8144,0.3
6,43.9492,-1.0948,0.8144,0.0
7,44.191,0.2418,0.8144,0.0
8,45.2676,1.0766,0.8144,0.0
9,46.8378,1.5702,0.8144,0.0
10,48.6278,1.79,0.8265,0.0
11,50.5467,1.9189,0.8265,0.0
12,50.9891,0.4425,0.8265,0.0
13,50.4882,-0.5009,0.8265,0.0
14,49.4151,-1.0731,0.8265,0.0
15,49.4475,0.0324,0.8427,0.0
16,50.2345,0.787,0.8427,0.0
17,50.7686,0.534,0.8427,0.0
18,50.3319,-0.4366,0.8427,0.0
19,49.7669,-0.565,0.8427,0.0
20,50.1164,0.3495,0.8567,0.0
21,50.7032,0.5867,0.8567,0.0
22,50.3017,-0.4014,0.8567,0.0
23,49.8238,-0.478,0.8567,0.0
24,50.2779,0.4542,0.8567,0.0
25,50.3462,0.0682,0.8736,0.0
26,50.016,-0.3302,0.8736,0.0
27,50.4348,0.4187,0.8736,0.0
28,50.0435,-0.3913,0.8736,0.0
29,50.3262,0.2827,0.8736,0.0
30,50.106,-0.2202,0.8903,0.0
31,50.2941,0.1881,0.8903,0.0
32,50.1606,-0.1335,0.8903,0.0
33,50.2241,0.0635,0.8903,0.0
34,50.2126,-0.0116,0.8903,0.0
35,50.1398,-0.0727,0.9019,0.0
36,50.2873,0.1475,0.9019,0.0
37,50.1181,-0.1692,0.9019,0.0
38,50.2586,0.1405,0.9019,0.0
39,50.1607,-0.0978,0.9019,0.0
40,50.1529,-0.0078,0.9159,0.0
41,50.2724,0.1195,0.9159,0.0
42,50.1019,-0.1705,0.9159,0.0
43,50.2622,0.1604,0.9159,0.0
44,50.1373,-0.125,0.9159,0.0
45,50.1695,0.0322,0.9261,0.0
46,50.2356,0.0662,0.9261,0.0
47,50.1157,-0.12,0.9261,0.0
48,50.2385,0.1228,0.9261,0.0
49,50.135,-0.1035,0.9261,0.0
50,50.1311,-0.0039,0.9444,0.0
51,50.2651,0.134,0.9444,0.0
52,50.072,-0.1932,0.9444,0.0
53,50.2558,0.1839,0.9444,0.0
54,50.1125,-0.1434,0.9444,0.0
55,50.141,0.0286,0.9588,0.0
56,50.24,0.099,0.9588,0.0
57,50.0762,-0.1638,0.9588,0.0
58,50.2409,0.1647,0.9588,0.0
59,50.1063,-0.1346,0.9588,0.0
60,50.1294,0.0231,0.9746,0.0
1,50.0,0.0,1.1,0.0
2,50.0,0.0,1.1,0.0
3,50.0,0.0,1.1,0.0
4,50.0,0.0,1.1,0.0
5,50.0,0.0,1.1205,0.0
6,50.0,0.0,1.1205,0.0
7,50.0,0.0,1.1205,0.0
8,50.0,0.0,1.1205,0.0
9,50.0,0.0,1.1205,0.0
10,50.0,0.0,1.139,0.0
11,50.0,0.0,1.139,0.0
12,50.0,0.0,1.139,0.0
13,50.0,0.0,1.139,0.0
14,50.0,0.0,1.139,0.0
15,50.0,0.0,1.1521,0.0
16,50.0,0.0,1.1521,0.0
17,50.0,0.0,1.1521,0.0
18,50.0,0.0,1.1521,0.0
19,50.0,0.0,1.1521,0.0
20,50.0,0.0,1.1671,0.0
21,50.0,0.0,1.1671,0.0
22,50.0,0.0,1.1671,0.0
23,50.0,0.0,1.1671,0.0
24,50.0,0.0,1.1671,0.0
25,50.0,0.0,1.1854,0.0
26,50.0,0.0,1.1854,0.0
27,50.0,0.0,1.1854,0.0
28,50.0,0.0,1.1854,0.0
29,50.0,0.0,1.1854,0.0
30,50.0,0.0,1.2008,0.0
31,50.0,0.0,1.2008,0.0
32,50.0,0.0,1.2008,0.0
33,50.0,0.0,1.2008,0.0
34,50.0,0.0,1.2008,0.0
35,50.0,0.0,1.2194,0.0
36,50.0,0.0,1.2194,0.0
37,50.0,0.0,1.2194,0.0
38,50.0,0.0,1.2194,0.0
39,50.0,0.0,1.2194,0.0
40,50.0,0.0,1.2435,0.0
41,50.0,0.0,1.2435,0.0
42,50.0,0.0,1.2435,0.0
43,50.0,0.0,1.2435,0.0
44,50.0,0.0,1.2435,0.0
45,50.0,0.0,1.2665,0.0
46,50.0,0.0,1.2665,0.0
47,50.0,0.0,1.2665,0.0
48,50.0,0.0,1.2665,0.0
49,50.0,0.0,1.2665,0.0
50,50.0,0.0,1.2814,0.0
51,50.0,0.0,1.2814,0.0
52,50.0,0.0,1.2814,0.0
53,50.0,0.0,1.2814,0.0
54,50.0,0.0,1.2814,0.0
55,50.0,0.0,1.3036,0.0
56,50.0,0.0,1.3036,0.0
57,50.0,0.0,1.3036,0.0
58,50.0,0.0,1.3036,0.0
59,50.0,0.0,1.3036,0.0
60,50.0,0.0,1.3249,0.0
